Title,Date
You Me Her: Season 4: The Deaf Leading the Blind Leading the Stupid,26/10/2020
You Me Her: Season 4: The Saddest Clown Show Ever,25/10/2020
"You Me Her: Season 4: Triangular Peg, Meet Round Hole",25/10/2020
Over the Moon,25/10/2020
Rebecca,24/10/2020
Grand Army: Season 1: Freedom,19/10/2020
Grand Army: Season 1: Spirit Day,19/10/2020
Jane The Virgin: Season 1: Chapter One: Pilot,19/10/2020
Indecent Proposal,19/10/2020
Grand Army: Season 1: Making Moves,18/10/2020
Grand Army: Season 1: Superman This S**t,18/10/2020
Grand Army: Season 1: Valentine's Day,18/10/2020
Grand Army: Season 1: Safety On,18/10/2020
Grand Army: Season 1: Relationship Goals,17/10/2020
Grand Army: Season 1: See Me,17/10/2020
"Grand Army: Season 1: Brooklyn, 2020",17/10/2020
Big Mouth: Season 2: The Planned Parenthood Show,17/10/2020
Big Mouth: Season 2: Steve the Virgin,17/10/2020
Big Mouth: Season 2: The Shame Wizard,17/10/2020
Big Mouth: Season 2: What Is It About Boobs?,16/10/2020
Big Mouth: Season 2: Am I Normal?,16/10/2020
Big Mouth: Season 1: The Pornscape,16/10/2020
Big Mouth: Season 1: I Survived Jessi's Bat Mitzvah,16/10/2020
Big Mouth: Season 1: The Head Push,16/10/2020
Big Mouth: Season 1: Requiem for a Wet Dream,16/10/2020
Big Mouth: Season 1: Pillow Talk,16/10/2020
Big Mouth: Season 1: Girls Are Horny Too,16/10/2020
Big Mouth: Season 1: Sleepover: A Harrowing Ordeal of Emotional Brutality,16/10/2020
Disconnect,16/10/2020
Gossip Girl: Season 5: The Princess Dowry,15/10/2020
Gossip Girl: Season 5: Cross Rhodes,15/10/2020
"Gossip Girl: Season 5: Crazy, Cupid, Love",15/10/2020
Gossip Girl: Season 5: The Backup Dan,15/10/2020
Gossip Girl: Season 5: G.G,15/10/2020
Gossip Girl: Season 5: Father and the Bride,15/10/2020
Big Mouth: Season 1: Am I Gay?,15/10/2020
Gossip Girl: Season 5: The End of the Affair?,15/10/2020
Gossip Girl: Season 5: Riding in Town Cars With Boys,15/10/2020
Gossip Girl: Season 5: Rhodes to Perdition,15/10/2020
Big Mouth: Season 1: Everybody Bleeds,15/10/2020
Big Mouth: Season 1: Ejaculation,15/10/2020
Gossip Girl: Season 5: All the Pretty Sources,15/10/2020
A Babysitter's Guide to Monster Hunting,15/10/2020
Gossip Girl: Season 5: The Big Sleep No More,15/10/2020
How to Get Away With Murder: Season 3: We're Good People Now,15/10/2020
Gossip Girl: Season 5: I Am Number Nine,15/10/2020
Gossip Girl: Season 5: The Fasting and the Furious,14/10/2020
Gossip Girl: Season 5: Memoirs of an Invisible Dan,14/10/2020
Point Blank,14/10/2020
Gossip Girl: Season 5: The Jewel of Denial,14/10/2020
Gossip Girl: Season 5: Beauty and the Feast,14/10/2020
"Gossip Girl: Season 5: Yes, Then Zero",14/10/2020
Gossip Girl: Season 4: The Wrong Goodbye,14/10/2020
Gossip Girl: Season 4: Shattered Bass,14/10/2020
Gossip Girl: Season 4: The Princesses and the Frog,13/10/2020
Gossip Girl: Season 4: Petty in Pink,13/10/2020
Gossip Girl: Season 4: The Kids Stay in the Picture,13/10/2020
Gossip Girl: Season 4: Empire of the Son,13/10/2020
Gossip Girl: Season 4: While You Weren't Sleeping,13/10/2020
Gossip Girl: Season 4: It-Girl Happened One Night,13/10/2020
The Eve,13/10/2020
American Murder: The Family Next Door,11/10/2020
The Haunting of Bly Manor: The Beast in the Jungle,10/10/2020
The Haunting of Bly Manor: The Romance of Certain Old Clothes,10/10/2020
"The Haunting of Bly Manor: The Two Faces, Part Two",10/10/2020
Gossip Girl: Season 4: Panic Roommate,10/10/2020
Gossip Girl: Season 4: Damien Darko,10/10/2020
The Haunting of Bly Manor: The Jolly Corner,10/10/2020
The Haunting of Bly Manor: The Altar of the Dead,10/10/2020
The Haunting of Bly Manor: The Way It Came,09/10/2020
"The Haunting of Bly Manor: The Two Faces, Part One",09/10/2020
The Haunting of Bly Manor: The Pupil,09/10/2020
The Haunting of Bly Manor: The Great Good Place,09/10/2020
"Crazy, Lovely, Cool: Season 1: Episode 10",08/10/2020
"Crazy, Lovely, Cool: Season 1: Episode 2",08/10/2020
"Crazy, Lovely, Cool: Season 1: Episode 9",08/10/2020
"Crazy, Lovely, Cool: Season 1: Episode 8",08/10/2020
"Crazy, Lovely, Cool: Season 1: Episode 7",08/10/2020
"Crazy, Lovely, Cool: Season 1: Episode 6",08/10/2020
"Crazy, Lovely, Cool: Season 1: Episode 5",08/10/2020
"Crazy, Lovely, Cool: Season 1: Episode 4",08/10/2020
"Crazy, Lovely, Cool: Season 1: Episode 3",08/10/2020
"Crazy, Lovely, Cool: Season 1: Episode 1",08/10/2020
Gossip Girl: Season 4: The Kids Are Not All Right,07/10/2020
Let It Snow,07/10/2020
Hubie Halloween,07/10/2020
Gossip Girl: Season 4: The Townie,06/10/2020
Gossip Girl: Season 4: Gaslit,06/10/2020
Gossip Girl: Season 4: The Witches of Bushwick,06/10/2020
Gossip Girl: Season 4: Juliet Doesn't Live Here Anymore,06/10/2020
Gossip Girl: Season 4: War at the Roses,06/10/2020
Gossip Girl: Season 4: Easy J,06/10/2020
"Gossip Girl: Season 4: Goodbye, Columbia",06/10/2020
A Family Reunion Christmas,05/10/2020
Family Reunion: Part 2: Remember When the Party Was Over?,05/10/2020
Family Reunion: Part 2: Remember M'dear's Fifteen Minutes?,05/10/2020
Family Reunion: Part 2: Remember Cousin Kenya?,04/10/2020
Family Reunion: Part 2: Remember the G Club?,04/10/2020
Family Reunion: Part 2: Remember When Shaka Got Beat Up?,04/10/2020
Family Reunion: Part 2: Remember When Jade Was Down with the Swirl?,04/10/2020
Family Reunion: Part 2: Remember Our Parents' Wedding?,04/10/2020
Family Reunion: Part 2: Remember When Daddy Came Home?,04/10/2020
Family Reunion: Part 2: Remember the Dance Battle?,04/10/2020
Emily in Paris: Season 1: Cancel Couture,04/10/2020
Gossip Girl: Season 4: Touch of Eva,04/10/2020
Gossip Girl: Season 4: The Undergraduates,04/10/2020
Gossip Girl: Season 4: Double Identity,04/10/2020
Emily in Paris: Season 1: An American Auction in Paris,03/10/2020
Emily in Paris: Season 1: Family Affair,03/10/2020
Emily in Paris: Season 1: French Ending,03/10/2020
Emily in Paris: Season 1: Ringarde,03/10/2020
Emily in Paris: Season 1: Faux Amis,03/10/2020
Gossip Girl: Season 4: Belles de Jour,02/10/2020
Òlòtūré,02/10/2020
"Gossip Girl: Season 3: Last Tango, Then Paris",02/10/2020
Gossip Girl: Season 3: Ex-Husbands and Wives,02/10/2020
"Gossip Girl: Season 3: It's a Dad, Dad, Dad, Dad World",02/10/2020
Rush Hour 3,02/10/2020
Gossip Girl: Season 3: Dr. Estrangeloved,01/10/2020
Gossip Girl: Season 3: The Unblairable Lightness of Being,01/10/2020
Gossip Girl: Season 3: Inglorius Bassterds,30/09/2020
Gossip Girl: Season 3: The Empire Strikes Jack,30/09/2020
Gossip Girl: Season 3: The Sixteen Year Old Virgin,30/09/2020
Gossip Girl: Season 3: The Lady Vanished,30/09/2020
Gossip Girl: Season 3: The Hurt Locket,30/09/2020
Gossip Girl: Season 3: The Debarted,30/09/2020
Gossip Girl: Season 3: The Treasure of Serena Madre,27/09/2020
Gossip Girl: Season 3: The Last Days of Disco Stick,27/09/2020
"Gossip Girl: Season 3: They Shoot Humphreys, Don't They?",27/09/2020
Gossip Girl: Season 3: The Grandfather: Part ll,27/09/2020
Gossip Girl: Season 3: How to Succeed in Bassness,26/09/2020
Gossip Girl: Season 3: Enough About Eve,26/09/2020
Gossip Girl: Season 3: Rufus Getting Married,26/09/2020
Gossip Girl: Season 3: Dan de Fleurette,25/09/2020
Gossip Girl: Season 3: The Lost Boy,24/09/2020
Gossip Girl: Season 3: The Freshmen,24/09/2020
Gossip Girl: Season 3: Reversals of Fortune,24/09/2020
Gossip Girl: Season 2: The Goodbye Gossip Girl,24/09/2020
Gossip Girl: Season 2: Valley Girls,24/09/2020
Gossip Girl: Season 2: The Wrath of Con,23/09/2020
Enola Holmes,23/09/2020
Gossip Girl: Season 2: Southern Gentlemen Prefer Blondes,23/09/2020
Gossip Girl: Season 2: Seder Anything,22/09/2020
Gossip Girl: Season 2: Remains of the J,22/09/2020
Gossip Girl: Season 2: The Grandfather,22/09/2020
Gossip Girl: Season 2: The Age of Dissonance,22/09/2020
Gossip Girl: Season 2: Carrnal Knowledge,22/09/2020
Gossip Girl: Season 2: You've Got Yale!,21/09/2020
Gossip Girl: Season 2: Gone with the Will,20/09/2020
Gossip Girl: Season 2: In the Realm of the Basses,20/09/2020
"Gossip Girl: Season 2: O Brother, Where Bart Thou?",20/09/2020
Gossip Girl: Season 2: It's a Wonderful Lie,20/09/2020
Coach Carter,19/09/2020
Gossip Girl: Season 2: The Magnificent Archibalds,19/09/2020
Gossip Girl: Season 2: Bonfire of the Vanity,19/09/2020
Gossip Girl: Season 2: There Might be Blood,19/09/2020
Deuces,19/09/2020
Verónica,19/09/2020
The Devil All The Time,19/09/2020
Gossip Girl: Season 2: Pret-a-Poor-J,18/09/2020
Gossip Girl: Season 2: Chuck In Real Life,18/09/2020
Gossip Girl: Season 2: New Haven Can Wait,18/09/2020
Gossip Girl: Season 2: The Serena Also Rises,18/09/2020
Lara and the Beat,17/09/2020
Don't Breathe,16/09/2020
Gossip Girl: Season 2: The Ex-Files,16/09/2020
Gossip Girl: Season 2: The Dark Night,16/09/2020
Gossip Girl: Season 2: Never Been Marcused,16/09/2020
"Gossip Girl: Season 2: Summer, Kind of Wonderful",15/09/2020
Gossip Girl: Season 1: Much 'I Do' About Nothing,15/09/2020
Gossip Girl: Season 1: Woman on the Verge,15/09/2020
Gossip Girl: Season 1: All About My Brother,15/09/2020
Gossip Girl: Season 1: Desperately Seeking Serena,15/09/2020
Gossip Girl: Season 1: The Blair Bitch Project,14/09/2020
Gossip Girl: Season 1: A Thin Line Between Chuck and Nate,14/09/2020
Gossip Girl: Season 1: School Lies,14/09/2020
Gossip Girl: Season 1: Roman Holiday,14/09/2020
"Gossip Girl: Season 1: Hi, Society",13/09/2020
Gossip Girl: Season 1: Blair Waldorf Must Pie!,13/09/2020
Gossip Girl: Season 1: Seventeen Candles,13/09/2020
"Gossip Girl: Season 1: Victor, Victrola",13/09/2020
Gossip Girl: Season 1: The Handmaiden's Tale,13/09/2020
Dad Wanted,13/09/2020
#Alive,13/09/2020
Gossip Girl: Season 1: Dare Devil,12/09/2020
The Babysitter: Killer Queen,12/09/2020
Brooklyn Nine-Nine: Season 1: The Apartment,04/09/2020
Brooklyn Nine-Nine: Season 1: Full Boyle,04/09/2020
Brooklyn Nine-Nine: Season 1: The Party,04/09/2020
Brooklyn Nine-Nine: Season 1: Operation: Broken Feather,04/09/2020
Brooklyn Nine-Nine: Season 1: The Ebony Falcon,04/09/2020
Brooklyn Nine-Nine: Season 1: The Bet,04/09/2020
Brooklyn Nine-Nine: Season 1: Pontiac Bandit,04/09/2020
Brooklyn Nine-Nine: Season 1: Christmas,04/09/2020
Brooklyn Nine-Nine: Season 1: Thanksgiving,04/09/2020
"Love, Guaranteed",04/09/2020
Project Power,03/09/2020
Diamond Lover: Season 1: Episode 6,03/09/2020
Diamond Lover: Season 1: Episode 5,03/09/2020
Diamond Lover: Season 1: Episode 4,03/09/2020
Diamond Lover: Season 1: Episode 3,03/09/2020
Diamond Lover: Season 1: Episode 2,03/09/2020
Diamond Lover: Season 1: Episode 1,03/09/2020
Freaks – You're One of Us,03/09/2020
Brooklyn Nine-Nine: Season 1: Sal's Pizza,03/09/2020
Brooklyn Nine-Nine: Season 1: Old School,03/09/2020
Brooklyn Nine-Nine: Season 1: 48 Hours,03/09/2020
Brooklyn Nine-Nine: Season 1: Halloween,03/09/2020
Brooklyn Nine-Nine: Season 1: The Vulture,02/09/2020
Brooklyn Nine-Nine: Season 1: M.E. Time,02/09/2020
Brooklyn Nine-Nine: Season 1: The Slump,02/09/2020
Brooklyn Nine-Nine: Season 1: The Tagger,02/09/2020
Brooklyn Nine-Nine: Season 1: Pilot,02/09/2020
Safe House,01/09/2020
Mission: Impossible - Ghost Protocol,01/09/2020
The Governor: Season 1: The Offer,01/09/2020
How to Get Away With Murder: Season 5: He Betrayed Us Both,01/09/2020
How to Get Away With Murder: Season 5: I Want to Love You Until the Day I Die,01/09/2020
40 Days and 40 Nights,01/09/2020
The Players,01/09/2020
How to Get Away With Murder: Season 5: I Got Played,01/09/2020
How to Get Away With Murder: Season 5: We Can Find Him,01/09/2020
How to Get Away With Murder: Season 5: It Was the Worst Day of My Life,01/09/2020
How to Get Away With Murder: Season 5: It's Her Kid,01/09/2020
How to Get Away With Murder: Season 5: The Baby Was Never Dead,31/08/2020
How to Get Away With Murder: Season 5: Whose Blood Is That?,31/08/2020
How to Get Away With Murder: Season 5: Your Funeral,31/08/2020
How to Get Away With Murder: Season 1: Pilot,31/08/2020
Lucifer: Season 5: Our Mojo,31/08/2020
Lucifer: Season 5: BlueBallz,31/08/2020
Lionheart,31/08/2020
iZombie: Season 1: Pilot,30/08/2020
Sword Art Online: The World of Swords,30/08/2020
Unknown Origins,30/08/2020
Lucifer: Season 5: Detective Amenadiel,30/08/2020
Lucifer: Season 5: It Never Ends Well for the Chicken,29/08/2020
Lucifer: Season 5: ¡Diablo!,29/08/2020
Santana,29/08/2020
Castle and Castle: Season 1: Episode 1,28/08/2020
Dark Desire: Season 1: One Last Night of Passion,28/08/2020
All Together Now,28/08/2020
Lucifer: Season 5: Lucifer! Lucifer! Lucifer!,27/08/2020
Lucifer: Season 5: Really Sad Devil Guy,27/08/2020
,25/08/2020
Accidentally in Love: Season 1: Episode 30,25/08/2020
The Sleepover,25/08/2020
Suits: Season 4: One-Two-Three Go...,24/08/2020
The Great Heist: Limited Series: The Big One,24/08/2020
Lucifer: Season 5: Spoiler Alert,23/08/2020
Castlevania: Season 1: Witchbottle,22/08/2020
Black Lagoon: BLACK LAGOON: The Black Lagoon,22/08/2020
Food Wars!: Shokugeki no Soma: An Endless Wasteland,22/08/2020
Castle and Castle: Season 1: Episode 13,21/08/2020
Castle and Castle: Season 1: Episode 12,21/08/2020
Men on a Mission: 2018: Episode 10,21/08/2020
Castle and Castle: Season 1: Episode 11,21/08/2020
Castle and Castle: Season 1: Episode 10,21/08/2020
Castle and Castle: Season 1: Episode 9,21/08/2020
Castle and Castle: Season 1: Episode 8,21/08/2020
Castle and Castle: Season 1: Episode 7,21/08/2020
Castle and Castle: Season 1: Episode 6,21/08/2020
Castle and Castle: Season 1: Episode 5,21/08/2020
Castle and Castle: Season 1: Episode 4,20/08/2020
Castle and Castle: Season 1: Episode 3,20/08/2020
Castle and Castle: Season 1: Episode 2,20/08/2020
Fullmetal Alchemist: Brotherhood: Part 1: City of Heresy,20/08/2020
Fullmetal Alchemist: Brotherhood: Part 1: The First Day,20/08/2020
Fullmetal Alchemist: Brotherhood: Part 1: Fullmetal Alchemist,20/08/2020
The Raid,19/08/2020
See You Yesterday,19/08/2020
Paradise PD: Part 1: Black & Blue,19/08/2020
Paradise PD: Part 1: Ass on the Line,19/08/2020
Paradise PD: Part 1: Welcome to Paradise,19/08/2020
Meet the In-Laws,19/08/2020
Accidentally in Love: Season 1: Episode 29,18/08/2020
Accidentally in Love: Season 1: Episode 28,18/08/2020
Accidentally in Love: Season 1: Episode 27,18/08/2020
Accidentally in Love: Season 1: Episode 26,18/08/2020
Accidentally in Love: Season 1: Episode 25,18/08/2020
Accidentally in Love: Season 1: Episode 24,18/08/2020
Accidentally in Love: Season 1: Episode 23,18/08/2020
Accidentally in Love: Season 1: Episode 22,18/08/2020
Accidentally in Love: Season 1: Episode 21,18/08/2020
Accidentally in Love: Season 1: Episode 20,18/08/2020
Accidentally in Love: Season 1: Episode 19,18/08/2020
Accidentally in Love: Season 1: Episode 18,18/08/2020
Accidentally in Love: Season 1: Episode 17,18/08/2020
Accidentally in Love: Season 1: Episode 16,18/08/2020
Accidentally in Love: Season 1: Episode 15,18/08/2020
Accidentally in Love: Season 1: Episode 14,18/08/2020
Accidentally in Love: Season 1: Episode 13,18/08/2020
Accidentally in Love: Season 1: Episode 12,18/08/2020
Accidentally in Love: Season 1: Episode 11,18/08/2020
Accidentally in Love: Season 1: Episode 10,18/08/2020
Accidentally in Love: Season 1: Episode 9,18/08/2020
Accidentally in Love: Season 1: Episode 8,18/08/2020
Accidentally in Love: Season 1: Episode 7,18/08/2020
Accidentally in Love: Season 1: Episode 6,18/08/2020
Accidentally in Love: Season 1: Episode 5,18/08/2020
Accidentally in Love: Season 1: Episode 4,18/08/2020
Accidentally in Love: Season 1: Episode 3,18/08/2020
Accidentally in Love: Season 1: Episode 2,18/08/2020
Accidentally in Love: Season 1: Episode 1,18/08/2020
A Trip to Jamaica,18/08/2020
Obsessed,16/08/2020
An Affair to Die For,16/08/2020
Seriously Single,16/08/2020
Work It,15/08/2020
Teenage Bounty Hunters: Season 1: Something Sour Patch,14/08/2020
Teenage Bounty Hunters: Season 1: Our Ham Is Good,14/08/2020
Teenage Bounty Hunters: Season 1: From Basic to Telenovela,14/08/2020
Teenage Bounty Hunters: Season 1: Cleave or Whatever,14/08/2020
Teenage Bounty Hunters: Season 1: Master Debater,14/08/2020
Teenage Bounty Hunters: Season 1: Death Is Bad,14/08/2020
Teenage Bounty Hunters: Season 1: Basically Pluto,14/08/2020
Teenage Bounty Hunters: Season 1: This Must Be How Dumb Kids Feel,14/08/2020
Teenage Bounty Hunters: Season 1: What's a Jennings,14/08/2020
Teenage Bounty Hunters: Season 1: Daddy's Truck,14/08/2020
Money Heist: Part 4: Game Over,12/08/2020
Akame ga Kill!: Season 1: Akame ga Kill!,11/08/2020
Akame ga Kill!: Season 1: Kill the Emperor,11/08/2020
American Son,11/08/2020
Akame ga Kill!: Season 1: Kill the Little Sister,11/08/2020
Trinkets: Season 1: Mirror Faces,11/08/2020
Akame ga Kill!: Season 1: Kill the Despair,11/08/2020
Akame ga Kill!: Season 1: Kill the Carnage,11/08/2020
Akame ga Kill!: Season 1: Kill the Fate,11/08/2020
Akame ga Kill!: Season 1: Kill the Demon,11/08/2020
Akame ga Kill!: Season 1: Kill the Curse,11/08/2020
Akame ga Kill!: Season 1: Kill the Puppets,11/08/2020
Akame ga Kill!: Season 1: Kill the Religious Organization,11/08/2020
Akame ga Kill!: Season 1: Kill the Colossal Danger Beast,11/08/2020
Akame ga Kill!: Season 1: Kill the Nuisances,11/08/2020
The Disastrous Life of Saiki K.: Season 1: Episode 1,11/08/2020
I Hear You: Season 1: Episode 24,10/08/2020
I Hear You: Season 1: Episode 23,10/08/2020
I Hear You: Season 1: Episode 22,10/08/2020
I Hear You: Season 1: Episode 21,10/08/2020
I Hear You: Season 1: Episode 20,10/08/2020
I Hear You: Season 1: Episode 19,10/08/2020
I Hear You: Season 1: Episode 18,10/08/2020
I Hear You: Season 1: Episode 17,10/08/2020
I Hear You: Season 1: Episode 16,10/08/2020
I Hear You: Season 1: Episode 15,10/08/2020
I Hear You: Season 1: Episode 14,10/08/2020
I Hear You: Season 1: Episode 13,10/08/2020
I Hear You: Season 1: Episode 12,10/08/2020
I Hear You: Season 1: Episode 11,10/08/2020
I Hear You: Season 1: Episode 10,10/08/2020
I Hear You: Season 1: Episode 9,10/08/2020
I Hear You: Season 1: Episode 8,10/08/2020
I Hear You: Season 1: Episode 7,10/08/2020
I Hear You: Season 1: Episode 6,10/08/2020
The Umbrella Academy: Season 1: Man on the Moon,10/08/2020
Diamonds in the Sky,10/08/2020
Sin City,10/08/2020
GAME ON: A Comedy Crossover Event: Season 1: Family Reunion: Remember the Family's Feud?,10/08/2020
GAME ON: A Comedy Crossover Event: Season 1: Ashley Garcia: Pasadena 2020,10/08/2020
GAME ON: A Comedy Crossover Event: Season 1: Mr. Iglesias: Olympic Effort,10/08/2020
GAME ON: A Comedy Crossover Event: Season 1: The Big Show Show: The Big Games,10/08/2020
Akame ga Kill!: Season 1: Kill the Newcomers,09/08/2020
The Umbrella Academy: Season 1: Extra Ordinary,09/08/2020
Men on a Mission: 2018: Episode 4,09/08/2020
The Umbrella Academy: Season 1: Run Boy Run,09/08/2020
The Umbrella Academy: Season 1: We Only See Each Other at Weddings and Funerals,08/08/2020
Death Note,08/08/2020
The Seven Deadly Sins: Imperial Wrath of the Gods: Rampaging Love,08/08/2020
The Seven Deadly Sins: Imperial Wrath of the Gods: The One Twisted by Darkness,08/08/2020
The Seven Deadly Sins: Imperial Wrath of the Gods: War-torn Britannia,08/08/2020
The Seven Deadly Sins: Imperial Wrath of the Gods: Beginning of the Holy War,08/08/2020
The Seven Deadly Sins: Imperial Wrath of the Gods: Child of Hope,08/08/2020
The Seven Deadly Sins: Imperial Wrath of the Gods: The Holy War Pact,07/08/2020
The Seven Deadly Sins: Imperial Wrath of the Gods: March of the Saints,07/08/2020
The Seven Deadly Sins: Imperial Wrath of the Gods: Our Choices,07/08/2020
The Seven Deadly Sins: Imperial Wrath of the Gods: The Seven Deadly Sins End,07/08/2020
The Seven Deadly Sins: Imperial Wrath of the Gods: To Our Captain,07/08/2020
The Seven Deadly Sins: Imperial Wrath of the Gods: A New Threat,07/08/2020
The Seven Deadly Sins: Imperial Wrath of the Gods: The Almighty vs. the Greatest Evil,07/08/2020
The Seven Deadly Sins: Imperial Wrath of the Gods: Love is a Maiden’s Power,07/08/2020
The Seven Deadly Sins: Imperial Wrath of the Gods: The Hateful Cannot Rest,07/08/2020
The Seven Deadly Sins: Imperial Wrath of the Gods: The Life We Live,07/08/2020
The Seven Deadly Sins: Imperial Wrath of the Gods: The Cursed Lovers,06/08/2020
The Seven Deadly Sins: Imperial Wrath of the Gods: The Doll Seeks Love,06/08/2020
"The Seven Deadly Sins: Imperial Wrath of the Gods: Deadly Sins,Unite!!",06/08/2020
The Seven Deadly Sins: Imperial Wrath of the Gods: We Call That Love,06/08/2020
The Seven Deadly Sins: Imperial Wrath of the Gods: Emotional Maelstrom,06/08/2020
The Seven Deadly Sins: Imperial Wrath of the Gods: The Ten Commandments vs. The Archangels,06/08/2020
The Seven Deadly Sins: Imperial Wrath of the Gods: Let There Be Light,06/08/2020
The Seven Deadly Sins: Imperial Wrath of the Gods: Memories of the Holy War,06/08/2020
The Seven Deadly Sins: Imperial Wrath of the Gods: The Light That Sweeps Away the Darkness,06/08/2020
The Seven Deadly Sins the Movie: Prisoners of the Sky,06/08/2020
Malibu Rescue: The Next Wave,04/08/2020
Orange Is the New Black: Season 6: Be Free,03/08/2020
Orange Is the New Black: Season 6: Double Trouble,03/08/2020
Get Even: Season 1: ,02/08/2020
Get Even: Season 1: ,02/08/2020
Get Even: Season 1: ,02/08/2020
Get Even: Season 1: ,02/08/2020
Get Even: Season 1: ,02/08/2020
Get Even: Season 1: ,02/08/2020
Orange Is the New Black: Season 6: Well This Took a Dark Turn,02/08/2020
Orange Is the New Black: Season 6: Chocolate Chip Nookie,02/08/2020
Get Even: Season 1: ,02/08/2020
Orange Is the New Black: Season 6: Break the String,02/08/2020
Orange Is the New Black: Season 6: Gordons,02/08/2020
Orange Is the New Black: Season 6: Changing Winds,02/08/2020
Orange Is the New Black: Season 6: State of the Uterus,02/08/2020
Orange Is the New Black: Season 6: Mischief Mischief,02/08/2020
Orange Is the New Black: Season 6: I'm the Talking Ass,02/08/2020
Get Even: Season 1: ,02/08/2020
Romance Is a Bonus Book: Season 1: Episode 7,01/08/2020
Romance Is a Bonus Book: Season 1: Episode 6,01/08/2020
Romance Is a Bonus Book: Season 1: Episode 5,01/08/2020
Orange Is the New Black: Season 6: Look Out for Number One,01/08/2020
Orange Is the New Black: Season 6: Sh*tstorm Coming,01/08/2020
Get Even: Season 1: ,01/08/2020
Romance Is a Bonus Book: Season 1: Episode 4,01/08/2020
Romance Is a Bonus Book: Season 1: Episode 3,01/08/2020
Romance Is a Bonus Book: Season 1: Episode 2,01/08/2020
Romance Is a Bonus Book: Season 1: Episode 1,01/08/2020
Get Even: Season 1: ,01/08/2020
Orange Is the New Black: Season 6: Who Knows Better Than I,01/08/2020
The Seven Deadly Sins: Revival of The Commandments: So Long As You're Here,01/08/2020
The Seven Deadly Sins: Revival of The Commandments: The Hero Rises!!,01/08/2020
Super Monsters: The New Class,01/08/2020
The Seven Deadly Sins: Revival of The Commandments: Return of the Sins,01/08/2020
The Seven Deadly Sins: Revival of The Commandments: Certain Warmth,01/08/2020
Flipped,01/08/2020
"Angus, Thongs and Perfect Snogging",29/07/2020
A Little Thing Called First Love: Season 1: Episode 2,29/07/2020
A Little Thing Called First Love: Season 1: Episode 1,29/07/2020
It's Her Day,29/07/2020
Larva Island: Season 2: Drift,28/07/2020
Larva Island: Season 2: Maze,28/07/2020
Larva Island: Season 1: Change,28/07/2020
Larva Island: Season 1: Mango 2,28/07/2020
The Larva Island Movie,28/07/2020
Rising High,28/07/2020
Who Are You: School 2015: Season 1: Episode 2,28/07/2020
Who Are You: School 2015: Season 1: Episode 1,28/07/2020
The Master's Sun: Season 1: Episode 17,28/07/2020
The Master's Sun: Season 1: Episode 16,28/07/2020
The Master's Sun: Season 1: Episode 15,28/07/2020
The Master's Sun: Season 1: Episode 14,28/07/2020
The Master's Sun: Season 1: Episode 13,28/07/2020
The Master's Sun: Season 1: Episode 12,28/07/2020
The Master's Sun: Season 1: Episode 11,28/07/2020
The Master's Sun: Season 1: Episode 10,28/07/2020
The Master's Sun: Season 1: Episode 9,28/07/2020
The Master's Sun: Season 1: Episode 8,28/07/2020
The Master's Sun: Season 1: Episode 7,28/07/2020
The Master's Sun: Season 1: Episode 6,28/07/2020
The Master's Sun: Season 1: Episode 5,28/07/2020
The Master's Sun: Season 1: Episode 4,28/07/2020
The Master's Sun: Season 1: Episode 3,28/07/2020
The Master's Sun: Season 1: Episode 2,28/07/2020
Good Girls: Season 3: Synergy,28/07/2020
The Master's Sun: Season 1: Episode 1,28/07/2020
Good Girls: Season 3: Au Jus,28/07/2020
Good Girls: Season 3: The Eye in Survivor,26/07/2020
Good Girls: Season 3: Egg Roll,26/07/2020
Good Girls: Season 3: Not Just Cards,26/07/2020
Good Girls: Season 3: Find Your Beach,26/07/2020
Someone Great,26/07/2020
Animal Crackers,25/07/2020
Cheese in the Trap: Season 1: Episode 6,25/07/2020
Cheese in the Trap: Season 1: Episode 5,25/07/2020
Cheese in the Trap: Season 1: Episode 4,25/07/2020
Cheese in the Trap: Season 1: Episode 3,25/07/2020
Cheese in the Trap: Season 1: Episode 2,25/07/2020
Cheese in the Trap: Season 1: Episode 1,25/07/2020
Uncontrollably Fond: Season 1: Episode 6,25/07/2020
Uncontrollably Fond: Season 1: Episode 1,25/07/2020
The Kissing Booth 2,25/07/2020
Candy Jar,23/07/2020
Tallulah,23/07/2020
Dark Desire: Season 1: It's Just Sex,23/07/2020
I'm not a robot: Season 1: Episode 16,23/07/2020
I'm not a robot: Season 1: Episode 15,23/07/2020
I'm not a robot: Season 1: Episode 14,23/07/2020
I'm not a robot: Season 1: Episode 7,23/07/2020
I'm not a robot: Season 1: Episode 6,23/07/2020
I'm not a robot: Season 1: Episode 5,23/07/2020
I'm not a robot: Season 1: Episode 4,23/07/2020
I'm not a robot: Season 1: Episode 3,23/07/2020
I'm not a robot: Season 1: Episode 2,22/07/2020
I'm not a robot: Season 1: Episode 1,22/07/2020
When I See You Again: Season 1: Episode 1,22/07/2020
Hwarang: Season 1: Episode 20,22/07/2020
Hwarang: Season 1: Episode 19,22/07/2020
Hwarang: Season 1: Episode 18,22/07/2020
Hwarang: Season 1: Episode 17,22/07/2020
Hwarang: Season 1: Episode 16,22/07/2020
Hwarang: Season 1: Episode 15,22/07/2020
Hwarang: Season 1: Episode 14,22/07/2020
Hwarang: Season 1: Episode 13,22/07/2020
Hwarang: Season 1: Episode 12,22/07/2020
Hwarang: Season 1: Episode 11,22/07/2020
The Old Guard,22/07/2020
Hwarang: Season 1: Episode 10,22/07/2020
Hwarang: Season 1: Episode 9,22/07/2020
Hwarang: Season 1: Episode 8,22/07/2020
Hwarang: Season 1: Episode 7,22/07/2020
Hwarang: Season 1: Episode 6,22/07/2020
Hwarang: Season 1: Episode 5,22/07/2020
Hwarang: Season 1: Episode 4,22/07/2020
Hwarang: Season 1: Episode 3,22/07/2020
Hwarang: Season 1: Episode 2,22/07/2020
Hwarang: Season 1: Episode 1,22/07/2020
Fatal Affair,22/07/2020
Sylvia,21/07/2020
Cold Feet,21/07/2020
Ashley Garcia: Genius in Love: Part 2: Another Trip Around the Sun,21/07/2020
Ashley Garcia: Genius in Love: Part 2: Rewriting Girl Code,20/07/2020
Ashley Garcia: Genius in Love: Part 2: Count Me In,20/07/2020
Ashley Garcia: Genius in Love: Part 2: Unintended Consequences,20/07/2020
Ashley Garcia: Genius in Love: Part 2: Failure Is Not an Option,20/07/2020
Ashley Garcia: Genius in Love: Part 2: In Tad We Trust,20/07/2020
Larva Island: Season 1: Mango,19/07/2020
The Millions,19/07/2020
